condition,seed,frames,checkpoint,shape_weight,shape_sigma_cells,analysis_dtype,coordinate_loss,unweighted_shape_loss,weighted_shape_loss,level,coordinate_gradient_l2,weighted_shape_gradient_l2,shape_to_coordinate_norm_ratio,coordinate_shape_cosine,combined_to_coordinate_norm_ratio,coordinate_descent_multiplier,harmful_cancellation_fraction,reconstruction_relative_error,coordinate_transmission_gain,shape_transmission_gain,coordinate_transmission_vs_control_ratio
repaired_r1,42,"0,3,6,9",/Users/kirubeso.r/Documents/PhD/cluster_downloads/stage_r1_shape_gate_20260705_142241/keypoint_net/diagnostics/outputs/final_material_keypoints/stage_r1_shape_gate/tiny_overfit/coordinate_standard64_k10_shapejs_seed42/model.pt,1.2128231385721024,1.0,float64,0.006394110386981904,0.001722864410141797,0.002089529821242348,logits,0.00011410916658234732,0.00037535725110199574,3.289457476066287,-0.3319176240695835,3.1043312753279704,-0.09182890993385073,1.0918289099338507,0.0,1.0,1.0,1.0
repaired_r1,42,"0,3,6,9",/Users/kirubeso.r/Documents/PhD/cluster_downloads/stage_r1_shape_gate_20260705_142241/keypoint_net/diagnostics/outputs/final_material_keypoints/stage_r1_shape_gate/tiny_overfit/coordinate_standard64_k10_shapejs_seed42/model.pt,1.2128231385721024,1.0,float64,0.006394110386981904,0.001722864410141797,0.002089529821242348,head,0.004395180597248839,0.010524362705943308,2.394523381480849,-0.37487204303994986,2.2222651687440833,0.10236012787734483,0.8976398721226552,8.934215888026265e-14,38.51733150707958,28.038256021550854,0.875831863656425
repaired_r1,42,"0,3,6,9",/Users/kirubeso.r/Documents/PhD/cluster_downloads/stage_r1_shape_gate_20260705_142241/keypoint_net/diagnostics/outputs/final_material_keypoints/stage_r1_shape_gate/tiny_overfit/coordinate_standard64_k10_shapejs_seed42/model.pt,1.2128231385721024,1.0,float64,0.006394110386981904,0.001722864410141797,0.002089529821242348,backbone,0.2409862359726443,0.8256072503699764,3.4259518890684517,-0.27635871338254836,3.292956579407745,0.0532083438265315,0.9467916561734685,1.9725430665156587e-12,2111.891999480477,2199.5239147401853,11.993505358276192
coordinate_only_control,42,"0,3,6,9",/Users/kirubeso.r/Documents/PhD/cluster_downloads/stage_a_k_sweep_53032295/keypoint_net/diagnostics/outputs/final_material_keypoints/stage_a_k_sweep/tiny_overfit/coordinate_standard64_k10_seed42/model.pt,1.2128231385721024,1.0,float64,0.0014245338128154302,0.5620839949088442,0.6817084748464901,logits,2.7121560145342755e-05,0.003623356466353841,133.59690397368362,-0.0018776797583962594,133.5987688825956,0.7491477976242054,0.25085220237579464,0.0,1.0,1.0,
coordinate_only_control,42,"0,3,6,9",/Users/kirubeso.r/Documents/PhD/cluster_downloads/stage_a_k_sweep_53032295/keypoint_net/diagnostics/outputs/final_material_keypoints/stage_a_k_sweep/tiny_overfit/coordinate_standard64_k10_seed42/model.pt,1.2128231385721024,1.0,float64,0.0014245338128154302,0.5620839949088442,0.6817084748464901,head,0.0011927519041681773,0.13216899736551685,110.81013319168937,-0.16038903594053697,110.65414658787,-16.772730435057554,17.772730435057554,1.5855390078553183e-14,43.97799749632005,36.47695129994141,
coordinate_only_control,42,"0,3,6,9",/Users/kirubeso.r/Documents/PhD/cluster_downloads/stage_a_k_sweep_53032295/keypoint_net/diagnostics/outputs/final_material_keypoints/stage_a_k_sweep/tiny_overfit/coordinate_standard64_k10_seed42/model.pt,1.2128231385721024,1.0,float64,0.0014245338128154302,0.5620839949088442,0.6817084748464901,backbone,0.004775735214463637,1.588337674949913,332.5849536505971,-0.32448811012031226,332.26181193246214,-106.91986306453391,107.91986306453391,1.5011700347321133e-12,176.08630141005048,438.36086504297117,
repaired_r1,43,"0,3,6,9",/Users/kirubeso.r/Documents/PhD/cluster_downloads/stage_r1_shape_gate_20260705_142241/keypoint_net/diagnostics/outputs/final_material_keypoints/stage_r1_shape_gate/tiny_overfit/coordinate_standard64_k10_shapejs_seed43/model.pt,1.2128231385721024,1.0,float64,0.008677583428567124,0.0016143816373723509,0.0019579594042911045,logits,0.00013277005704605166,0.0002486530467745311,1.8728096703934167,-0.5051559175907588,1.6171871525831554,0.053939112479567064,0.9460608875204329,0.0,1.0,1.0,1.0
repaired_r1,43,"0,3,6,9",/Users/kirubeso.r/Documents/PhD/cluster_downloads/stage_r1_shape_gate_20260705_142241/keypoint_net/diagnostics/outputs/final_material_keypoints/stage_r1_shape_gate/tiny_overfit/coordinate_standard64_k10_shapejs_seed43/model.pt,1.2128231385721024,1.0,float64,0.008677583428567124,0.0016143816373723509,0.0019579594042911045,head,0.005412574767845,0.008179291149923678,1.5111645567494372,-0.6297608477631539,1.1748505321271339,0.0483277276318439,0.9516722723681561,5.3049703251826636e-14,40.76653191440322,32.89439343705424,1.8449856188068874
repaired_r1,43,"0,3,6,9",/Users/kirubeso.r/Documents/PhD/cluster_downloads/stage_r1_shape_gate_20260705_142241/keypoint_net/diagnostics/outputs/final_material_keypoints/stage_r1_shape_gate/tiny_overfit/coordinate_standard64_k10_shapejs_seed43/model.pt,1.2128231385721024,1.0,float64,0.008677583428567124,0.0016143816373723509,0.0019579594042911045,backbone,0.5202804994124467,0.6585478624350745,1.2657554207370318,-0.6538852579320205,0.9730463327047914,0.17234119023251293,0.8276588097674871,4.554849384206945e-12,3918.6584007566253,2648.4608613391333,24.839529143401617
coordinate_only_control,43,"0,3,6,9",/Users/kirubeso.r/Documents/PhD/cluster_downloads/stage_a_k_sweep_53032295/keypoint_net/diagnostics/outputs/final_material_keypoints/stage_a_k_sweep/tiny_overfit/coordinate_standard64_k10_seed43/model.pt,1.2128231385721024,1.0,float64,0.0016978991381132735,0.5551672714045788,0.6733197125374114,logits,2.9781377483140288e-05,0.004002904002586781,134.40963249107227,0.03805053882648825,134.4513965128665,6.114358939755562,0.0,0.0,1.0,1.0,
coordinate_only_control,43,"0,3,6,9",/Users/kirubeso.r/Documents/PhD/cluster_downloads/stage_a_k_sweep_53032295/keypoint_net/diagnostics/outputs/final_material_keypoints/stage_a_k_sweep/tiny_overfit/coordinate_standard64_k10_seed43/model.pt,1.2128231385721024,1.0,float64,0.0016978991381132735,0.5551672714045788,0.6733197125374114,head,0.0006580449534378754,0.1303216554504602,198.0436971207068,0.12678079656045652,198.1729604274703,26.108137674740995,0.0,2.005722466996247e-14,22.095853484628275,32.55677762100788,
coordinate_only_control,43,"0,3,6,9",/Users/kirubeso.r/Documents/PhD/cluster_downloads/stage_a_k_sweep_53032295/keypoint_net/diagnostics/outputs/final_material_keypoints/stage_a_k_sweep/tiny_overfit/coordinate_standard64_k10_seed43/model.pt,1.2128231385721024,1.0,float64,0.0016978991381132735,0.5551672714045788,0.6733197125374114,backbone,0.004698279278430402,1.4881249130532752,316.7382832870734,-0.04736522875862692,316.69249333880896,-14.002381244507008,15.002381244507008,1.6069394052386056e-12,157.7589646781843,371.7613292978323,
repaired_r1,44,"0,3,6,9",/Users/kirubeso.r/Documents/PhD/cluster_downloads/stage_r1_shape_gate_20260705_142241/keypoint_net/diagnostics/outputs/final_material_keypoints/stage_r1_shape_gate/tiny_overfit/coordinate_standard64_k10_shapejs_seed44/model.pt,1.2128231385721024,1.0,float64,0.010980276666877588,0.002167110296113905,0.0026283215109647847,logits,0.00015094381683171854,0.0005927237511215577,3.926783909157158,-0.23599037549642324,3.8165777144946307,0.07331679078468956,0.9266832092153104,0.0,1.0,1.0,1.0
repaired_r1,44,"0,3,6,9",/Users/kirubeso.r/Documents/PhD/cluster_downloads/stage_r1_shape_gate_20260705_142241/keypoint_net/diagnostics/outputs/final_material_keypoints/stage_r1_shape_gate/tiny_overfit/coordinate_standard64_k10_shapejs_seed44/model.pt,1.2128231385721024,1.0,float64,0.010980276666877588,0.002167110296113905,0.0026283215109647847,head,0.00651316858457225,0.014256202861138849,2.1888275539047974,-0.4116696966839922,1.997202571176433,0.09892602479044743,0.9010739752095526,6.319515699639742e-14,43.14962163593313,24.052018894405904,0.4925986959285127
repaired_r1,44,"0,3,6,9",/Users/kirubeso.r/Documents/PhD/cluster_downloads/stage_r1_shape_gate_20260705_142241/keypoint_net/diagnostics/outputs/final_material_keypoints/stage_r1_shape_gate/tiny_overfit/coordinate_standard64_k10_shapejs_seed44/model.pt,1.2128231385721024,1.0,float64,0.010980276666877588,0.002167110296113905,0.0026283215109647847,backbone,0.2528081191569276,1.2138694592892305,4.801544599664284,-0.06605997997603663,4.83946801439466,0.6828100598921305,0.3171899401078695,2.2117606264379023e-12,1674.8491224305903,2047.9514394223866,8.906386065715695
coordinate_only_control,44,"0,3,6,9",/Users/kirubeso.r/Documents/PhD/cluster_downloads/stage_a_k_sweep_53032295/keypoint_net/diagnostics/outputs/final_material_keypoints/stage_a_k_sweep/tiny_overfit/coordinate_standard64_k10_seed44/model.pt,1.2128231385721024,1.0,float64,0.0018265467599342562,0.5409555176944167,0.656083368798039,logits,0.00014743048535571684,0.003941690843196339,26.735928011672204,-0.013640654154436263,26.740988305415364,0.6353044524948748,0.36469554750512523,0.0,1.0,1.0,
coordinate_only_control,44,"0,3,6,9",/Users/kirubeso.r/Documents/PhD/cluster_downloads/stage_a_k_sweep_53032295/keypoint_net/diagnostics/outputs/final_material_keypoints/stage_a_k_sweep/tiny_overfit/coordinate_standard64_k10_seed44/model.pt,1.2128231385721024,1.0,float64,0.0018265467599342562,0.5409555176944167,0.656083368798039,head,0.012914304713515463,0.1554185810343812,12.034606932553473,0.15656051056049702,12.231110024547041,2.8841442057554687,0.0,3.4347881566540695e-14,87.59589092009112,39.429419306855486,
coordinate_only_control,44,"0,3,6,9",/Users/kirubeso.r/Documents/PhD/cluster_downloads/stage_a_k_sweep_53032295/keypoint_net/diagnostics/outputs/final_material_keypoints/stage_a_k_sweep/tiny_overfit/coordinate_standard64_k10_seed44/model.pt,1.2128231385721024,1.0,float64,0.0018265467599342562,0.5409555176944167,0.656083368798039,backbone,0.027724356118813288,2.7224924364963834,98.19858123409925,-0.44090752448106135,97.76179401827152,-42.296493359479115,43.296493359479115,4.0823084845994966e-12,188.0503618496582,690.691519147326,
