seed,level,coordinate_gradient_l2,weighted_deadzone_gradient_l2,deadzone_to_coordinate_norm_ratio,coordinate_deadzone_cosine,coordinate_descent_multiplier,harmful_cancellation_fraction
42,logits,2.211368851723481e-05,1.757627172548031e-06,0.07948141130676521,-0.010570196153896403,0.999159865891899,0.0008401341081010205
42,head,0.0013989913793895966,6.0547311257882615e-05,0.04327925972231539,-0.5683848566868426,0.9754007241652192,0.02459927583478083
42,backbone,0.005594314897446294,0.0003468302533939287,0.06199691289316777,0.049441056854974574,1.003065192895184,0.0
43,logits,7.066502177360576e-06,2.579036104563614e-06,0.3649664345715825,-0.20170163838191973,0.9263856721925041,0.07361432780749588
43,head,0.0003037998120131129,0.00022656580428281686,0.7457733524635546,-0.2746794612060424,0.7951513773634868,0.20484862263651316
43,backbone,0.0012502440263181087,0.00044161024789815827,0.3532192424855435,-0.2520833314595405,0.910959316618629,0.08904068338137106
44,logits,9.926012911189412e-06,1.7861918934773374e-06,0.1799505913863759,0.09568425344134378,1.0172184379931337,0.0
44,head,0.0007358406251009977,0.0001144073937889795,0.15547849613940046,0.4671314197491809,1.0726288906420658,0.0
44,backbone,0.002691224859448314,0.00027923172992252884,0.10375637284346793,0.15680548889879586,1.0162695687700858,0.0
