channel,median_error_cells64,median_max_probability,median_effective_support_cells,mean_coordinate_loss,mean_unweighted_deadzone_loss,coordinate_gradient_l2,weighted_deadzone_gradient_l2,deadzone_to_coordinate_norm_ratio,coordinate_deadzone_cosine,coordinate_descent_multiplier,harmful_cancellation_fraction,seed,gate_eval_median_error_cells64,failed_coordinate_gate,saturated
0,0.07242149747720084,0.23218624634156404,50.184920938776,3.1613346424625806e-06,0.7768611390900795,0.00015277080364301863,8.274257212892768e-06,0.05416124688476029,-0.8493406601051344,0.9539986508187805,0.04600134918121945,42,0.0363534614443779,False,False
1,3.968612312752545,0.9983197135552695,1.0026544213671948,0.0074040576802140105,4.986507084790242,2.2831843266495965e-06,4.018552830915413e-06,1.760065003955393,-0.8989500697711464,-0.5822105581074535,1.5822105581074535,42,3.969742774963379,True,True
2,0.02075781581021302,0.718672249493138,1.965891859947726,2.575623873848203e-06,2.899702100931523,6.885626027549807e-06,8.995248192759845e-06,1.306380590053731,-0.7900356498318742,-0.03208723839084682,1.0320872383908468,42,0.03716685622930527,False,False
3,4.343290990000339,0.9990612411362684,1.0082368516247604,0.009091158793269844,6.1558574953365355,2.0994155796560775e-06,5.139981916337897e-07,0.2448291784697492,-0.9286913341002508,0.7726292636202602,0.2273707363797398,42,4.395963668823242,True,True
4,0.0115272016825945,0.22566002330916396,36.65174111252768,7.560151096420607e-08,0.2857097650290055,8.920008020943499e-06,2.2346607287746182e-06,0.25052227795398896,0.2958195966494266,1.0741093992160446,0.0,42,0.039541009813547134,False,False
5,0.0148791328073865,0.2911091555866322,30.388799328907044,1.594423275544743e-07,0.1462942260295697,1.3827073957651345e-05,1.1980834492414353e-06,0.0866476488742916,-0.5109147911215755,0.9557304345742157,0.04426956542578431,42,0.013616131618618965,False,False
6,2.965867412389355,0.5592548933775758,2.008160198954401,0.004377446248747221,1.483859889770119,0.0001551056420115706,8.747853652779925e-06,0.05639932590026191,0.7969928771085928,1.0449498610162349,0.0,42,2.9842262268066406,True,False
7,0.008869414011918627,0.2868654595216318,30.858233996318308,1.0908208187239489e-07,0.15460015100510147,1.976179377571146e-05,1.3000614019510758e-06,0.06578660908550399,0.16603064589199812,1.0109225931975105,0.0,42,0.025929735973477364,False,False
8,0.0076024335953631,0.32221656825945244,6.828040041702644,5.906762628017838e-07,0.3195653543265017,6.701293716387054e-06,4.126236082884616e-06,0.615737237840284,-0.5252902083199774,0.6765592580645098,0.3234407419354902,42,0.04739033430814743,False,False
9,0.18040333414320595,0.6665287341444708,1.0040198554872508,0.0008713208409917206,3.8042881926450827,2.723271348774191e-05,6.439293779802086e-06,0.23645435783329358,0.126338472598036,1.0298732824078078,0.0,42,0.45920681953430176,True,False
0,0.030454558729976468,0.20171202976515187,78.61331388511977,6.0491560691477e-07,2.521022873022888,4.5139844806244365e-05,2.2883166027405807e-05,0.5069394041035846,-0.17183859201286603,0.9128882465629987,0.08711175343700128,43,0.09136861562728882,False,False
1,0.8105231167397727,0.9970042252204694,1.0248714422951364,0.00036736330017506086,6.159163449081382,3.718582928465948e-06,2.5341828557750556e-07,0.06814915532408199,-0.8411043213822011,0.9426794509583678,0.057320549041632196,43,0.862860918045044,True,True
2,1.5571247773025878,0.9994987270727256,1.0011342695557488,0.015111208909997929,6.193834165409578,2.096707933706369e-06,1.5664088038602745e-07,0.07470801148213904,-0.6019190645309035,0.9550318236157068,0.04496817638429318,43,4.110311508178711,True,True
3,2.3732385993509366,0.9991644080421733,1.0060604683367906,0.0032640704144259805,6.187101408991805,2.6924650027482824e-06,1.5653315409945542e-07,0.0581374888586025,-0.6315482885774375,0.9632833684091597,0.036716631590840265,43,2.4106247425079346,True,True
4,0.057897192625309686,0.09263447808420168,48.97940833769583,2.39973701706639e-06,0.6240494427362407,7.872557698133209e-06,2.6422978177944e-06,0.3356339729870711,-0.4246997252173678,0.8574563438987775,0.14254365610122255,43,0.06793049722909927,False,False
5,0.0047007012391666395,0.27465713698142813,31.196897414556474,1.660195646181524e-08,0.18857272712027173,3.5179357269835755e-06,2.524690073176203e-06,0.7176623648383074,-0.358508660106208,0.7427118271731659,0.25728817282683414,43,0.1651693880558014,False,False
6,3.8395089458659375,0.591929799909767,1.4693853818162026,0.006680310619820575,2.773266669552898,3.4959769052490976e-05,7.15365807575504e-06,0.20462543860098306,-0.49588285143948535,0.8985297540294892,0.1014702459705108,43,3.8400373458862305,True,False
7,0.0690601743395348,0.15636239774649568,35.18096036687249,6.911203709910972e-06,0.4299219279801969,3.6999825386923965e-05,1.887109666846463e-06,0.051003204666835604,-0.43904906703497815,0.9776070905752318,0.022392909424768237,43,0.07723963260650635,False,False
8,0.015448577283782856,0.3455724925388815,38.018679765566404,6.727129994017997e-07,0.16608980905984513,1.0695855185221102e-05,2.038058522259805e-06,0.19054657032715563,0.6559059253737675,1.1249806245372307,0.0,43,0.3194604516029358,True,False
9,0.37995192057308325,0.7107637976054606,1.808927575420417,0.00015022175602507682,3.159392621874564,1.2269450545444234e-05,8.315328531236074e-06,0.6777262356156313,-0.3572560368696613,0.7578782109813653,0.24212178901863468,43,0.5578218698501587,True,False
0,0.028615093353762396,0.3117808663499443,52.84921713433591,4.6797297167842496e-07,0.798313505709209,6.820176524975136e-05,1.1131627802506427e-05,0.16321612441764488,0.3782681351225816,1.061739459005398,0.0,44,0.04904043674468994,False,False
1,0.017360504595804856,0.44424652808558185,3.430572253601659,7.624979458670951e-07,0.7025528200116664,1.3782093394780661e-05,6.258750555494371e-06,0.4541219084950177,-0.5073537671091404,0.7695995389982604,0.2304004610017396,44,0.057151056826114655,False,False
2,0.022241815063739203,0.5114675010897538,2.0487357599857665,4.141062677379497e-05,2.913982576644733,4.899610958042788e-06,5.613769035963213e-06,1.145758119172324,-0.9273872268996873,-0.06256144483702308,1.062561444837023,44,0.03417660668492317,False,False
3,4.633340849269657,0.9996259415013702,1.002682099361979,0.010892682645649993,6.204845610166993,9.603200594071945e-07,2.9727659024178953e-08,0.030955990904251062,-0.8795141402058769,0.9727737682756267,0.02722623172437333,44,4.6515679359436035,True,True
4,0.010523636679723034,0.1483419454323406,41.63455253449526,5.995940506657606e-08,0.4339320629206494,2.6178803208025537e-06,2.3406308874523846e-06,0.8940939235659277,-0.7342093669878722,0.34354786635095724,0.6564521336490428,44,0.00975782796740532,False,False
5,0.0224900060972607,0.33335120903643634,37.40680047609548,2.2616528943619293e-07,0.16476655569629362,1.7266236675412267e-05,1.675239670721672e-06,0.09702401873752099,0.45846136046023706,1.0444817636277235,0.0,44,0.07479439675807953,False,False
6,5.420021942682702,0.6437666247534439,1.873260775454821,0.014654210716357663,1.7600059630665315,1.019166823241567e-05,1.0147820556421599e-05,0.995697693940369,-0.9785740153204949,0.025636109595415957,0.974363890404584,44,5.493546009063721,True,False
7,0.02971416120763988,0.18335816226843274,34.65449792829684,5.729816532823953e-07,0.19120408842582454,3.469113590949384e-05,1.15045399169437e-06,0.033162765113711024,0.26925446555820254,1.0089292225971245,0.0,44,0.04209062457084656,False,False
8,0.040477188355587404,0.30061310554204,35.24128802558003,7.741611910844347e-07,0.049947925340710395,5.807450614530761e-05,1.092896361269786e-06,0.018818866208440265,0.5396617229621623,1.0101558217622413,0.0,44,0.18905793130397797,False,False
9,1.38400221539852,0.999831491390754,1.001356396775876,0.001957521321865563,4.868635546853428,1.1173384676800637e-06,3.265969330187443e-06,2.92299014547364,-0.21653154123733998,0.3670804387790363,0.6329195612209637,44,1.4434235095977783,True,True
